Id,Predicted
0,decreasevolume
1,increasevolume
2,decreasevolume
3,decreaseheat
4,decreaseheat
5,increasevolume
6,decreasevolume
7,increasevolume
8,decreaseheat
9,decreasevolume
10,increaseheat
11,decreasevolume
12,decreasevolume
13,change languagenone
14,decreasevolume
15,activatemusic
16,increasevolume
17,decreaseheat
18,increaseheat
19,change languagenone
20,decreaseheat
21,deactivatelights
22,change languagenone
23,deactivatelights
24,increasevolume
25,activatemusic
26,increaseheat
27,increaseheat
28,decreasevolume
29,activatemusic
30,decreasevolume
31,decreaseheat
32,decreasevolume
33,decreaseheat
34,decreasevolume
35,change languagenone
36,decreasevolume
37,deactivatelights
38,increasevolume
39,change languagenone
40,decreasevolume
41,increasevolume
42,increaseheat
43,decreasevolume
44,increasevolume
45,increasevolume
46,increaseheat
47,change languagenone
48,increaseheat
49,increasevolume
50,decreasevolume
51,decreasevolume
52,increasevolume
53,increaseheat
54,increasevolume
55,increasevolume
56,decreaseheat
57,decreaseheat
58,decreaseheat
59,increasevolume
60,decreaseheat
61,increasevolume
62,change languagenone
63,change languagenone
64,decreasevolume
65,change languagenone
66,change languagenone
67,deactivatelights
68,decreasevolume
69,increasevolume
70,increaseheat
71,decreaseheat
72,decreaseheat
73,increasevolume
74,increasevolume
75,increasevolume
76,decreaseheat
77,change languagenone
78,change languagenone
79,change languagenone
80,increasevolume
81,decreasevolume
82,decreaseheat
83,deactivatelights
84,increasevolume
85,decreaseheat
86,increaseheat
87,activatemusic
88,increasevolume
89,change languagenone
90,decreasevolume
91,decreaseheat
92,increasevolume
93,increasevolume
94,change languagenone
95,increasevolume
96,change languagenone
97,increasevolume
98,increasevolume
99,decreaseheat
100,increasevolume
101,decreasevolume
102,activatemusic
103,increasevolume
104,increasevolume
105,increasevolume
106,activatemusic
107,activatemusic
108,increasevolume
109,increasevolume
110,increasevolume
111,increaseheat
112,decreaseheat
113,activatemusic
114,change languagenone
115,activatemusic
116,increaseheat
117,increaseheat
118,increaseheat
119,change languagenone
120,increaseheat
121,increaseheat
122,decreasevolume
123,increasevolume
124,deactivatelights
125,increaseheat
126,decreasevolume
127,change languagenone
128,increasevolume
129,increaseheat
130,change languagenone
131,increaseheat
132,increaseheat
133,increasevolume
134,change languagenone
135,decreasevolume
136,activatemusic
137,increaseheat
138,increasevolume
139,increasevolume
140,increasevolume
141,change languagenone
142,increasevolume
143,deactivatelights
144,increasevolume
145,activatemusic
146,increaseheat
147,increasevolume
148,increasevolume
149,change languagenone
150,increasevolume
151,decreasevolume
152,change languagenone
153,change languagenone
154,increasevolume
155,decreaseheat
156,change languagenone
157,increasevolume
158,increaseheat
159,decreaseheat
160,increaseheat
161,increasevolume
162,increasevolume
163,change languagenone
164,activatemusic
165,decreaseheat
166,change languagenone
167,change languagenone
168,decreaseheat
169,increasevolume
170,decreasevolume
171,decreasevolume
172,increasevolume
173,activatemusic
174,decreasevolume
175,increasevolume
176,decreasevolume
177,decreaseheat
178,change languagenone
179,increasevolume
180,increasevolume
181,increasevolume
182,change languagenone
183,change languagenone
184,change languagenone
185,increasevolume
186,increaseheat
187,increasevolume
188,change languagenone
189,increasevolume
190,decreasevolume
191,activatemusic
192,change languagenone
193,increasevolume
194,change languagenone
195,decreasevolume
196,decreasevolume
197,increasevolume
198,change languagenone
199,activatemusic
200,increasevolume
201,increasevolume
202,increasevolume
203,decreasevolume
204,decreaseheat
205,change languagenone
206,increasevolume
207,increasevolume
208,increasevolume
209,decreasevolume
210,increasevolume
211,decreasevolume
212,increasevolume
213,decreaseheat
214,change languagenone
215,decreaseheat
216,increasevolume
217,increaseheat
218,increasevolume
219,increasevolume
220,increasevolume
221,change languagenone
222,decreasevolume
223,decreasevolume
224,decreasevolume
225,change languagenone
226,increasevolume
227,increaseheat
228,decreasevolume
229,increasevolume
230,decreasevolume
231,increaseheat
232,increasevolume
233,decreasevolume
234,increasevolume
235,change languagenone
236,decreasevolume
237,change languagenone
238,decreaseheat
239,increasevolume
240,decreasevolume
241,increasevolume
242,increasevolume
243,increaseheat
244,increaseheat
245,increaseheat
246,increaseheat
247,increasevolume
248,activatemusic
249,decreasevolume
250,increaseheat
251,deactivatelights
252,change languagenone
253,change languagenone
254,increasevolume
255,activatemusic
256,increaseheat
257,increasevolume
258,decreasevolume
259,decreasevolume
260,increasevolume
261,increasevolume
262,increasevolume
263,decreasevolume
264,increasevolume
265,increasevolume
266,increasevolume
267,increaseheat
268,increasevolume
269,increasevolume
270,increasevolume
271,activatemusic
272,increaseheat
273,decreaseheat
274,increaseheat
275,increasevolume
276,decreasevolume
277,change languagenone
278,decreaseheat
279,increasevolume
280,increaseheat
281,increasevolume
282,decreaseheat
283,increasevolume
284,activatemusic
285,change languagenone
286,decreasevolume
287,change languagenone
288,increasevolume
289,increasevolume
290,decreasevolume
291,decreaseheat
292,increasevolume
293,decreasevolume
294,change languagenone
295,increasevolume
296,decreaseheat
297,increasevolume
298,decreasevolume
299,decreasevolume
300,decreaseheat
301,decreaseheat
302,decreaseheat
303,increasevolume
304,decreaseheat
305,decreasevolume
306,activatemusic
307,increasevolume
308,increasevolume
309,increasevolume
310,decreasevolume
311,increaseheat
312,decreasevolume
313,increasevolume
314,increaseheat
315,change languagenone
316,decreasevolume
317,activatemusic
318,change languagenone
319,change languagenone
320,change languagenone
321,increasevolume
322,change languagenone
323,activatemusic
324,activatemusic
325,decreaseheat
326,increaseheat
327,decreaseheat
328,increasevolume
329,decreaseheat
330,decreaseheat
331,change languagenone
332,decreasevolume
333,increasevolume
334,increasevolume
335,increasevolume
336,decreasevolume
337,decreasevolume
338,change languagenone
339,increasevolume
340,change languagenone
341,increaseheat
342,increasevolume
343,increasevolume
344,activatemusic
345,decreasevolume
346,increaseheat
347,increaseheat
348,decreaseheat
349,change languagenone
350,decreaseheat
351,decreasevolume
352,increasevolume
353,change languagenone
354,increasevolume
355,change languagenone
356,increasevolume
357,decreasevolume
358,change languagenone
359,decreaseheat
360,increaseheat
361,increaseheat
362,deactivatelights
363,increaseheat
364,increaseheat
365,increasevolume
366,change languagenone
367,change languagenone
368,decreaseheat
369,increasevolume
370,increasevolume
371,increasevolume
372,activatemusic
373,increasevolume
374,increasevolume
375,increasevolume
376,increasevolume
377,deactivatelights
378,change languagenone
379,deactivatelights
380,decreaseheat
381,decreaseheat
382,decreasevolume
383,activatemusic
384,change languagenone
385,decreasevolume
386,increasevolume
387,decreasevolume
388,decreaseheat
389,decreaseheat
390,decreasevolume
391,decreasevolume
392,increaseheat
393,decreaseheat
394,change languagenone
395,increaseheat
396,decreaseheat
397,change languagenone
398,activatemusic
399,deactivatelights
400,increasevolume
401,increasevolume
402,decreasevolume
403,decreasevolume
404,decreasevolume
405,increasevolume
406,increasevolume
407,increasevolume
408,increasevolume
409,activatemusic
410,decreasevolume
411,increaseheat
412,change languagenone
413,increaseheat
414,increasevolume
415,increasevolume
416,increasevolume
417,decreasevolume
418,activatemusic
419,change languagenone
420,change languagenone
421,increasevolume
422,increasevolume
423,increasevolume
424,increaseheat
425,increasevolume
426,activatemusic
427,increasevolume
428,decreaseheat
429,increasevolume
430,decreaseheat
431,decreasevolume
432,increasevolume
433,increasevolume
434,increasevolume
435,increasevolume
436,increasevolume
437,increasevolume
438,decreasevolume
439,decreaseheat
440,deactivatelights
441,increasevolume
442,increaseheat
443,decreasevolume
444,change languagenone
445,increasevolume
446,increaseheat
447,increasevolume
448,decreasevolume
449,increaseheat
450,decreasevolume
451,increasevolume
452,decreaseheat
453,decreasevolume
454,increasevolume
455,decreaseheat
456,decreasevolume
457,increasevolume
458,decreaseheat
459,increasevolume
460,decreaseheat
461,increasevolume
462,change languagenone
463,decreasevolume
464,increasevolume
465,change languagenone
466,increasevolume
467,increasevolume
468,decreasevolume
469,decreasevolume
470,decreaseheat
471,decreaseheat
472,decreaseheat
473,decreasevolume
474,increasevolume
475,decreaseheat
476,decreaseheat
477,increasevolume
478,activatemusic
479,increasevolume
480,increasevolume
481,activatemusic
482,increasevolume
483,decreaseheat
484,increaseheat
485,increasevolume
486,increaseheat
487,increasevolume
488,decreasevolume
489,increasevolume
490,increasevolume
491,deactivatelights
492,increasevolume
493,decreaseheat
494,increasevolume
495,increasevolume
496,change languagenone
497,increasevolume
498,increasevolume
499,decreasevolume
500,increasevolume
501,decreasevolume
502,decreasevolume
503,decreasevolume
504,decreaseheat
505,decreasevolume
506,change languagenone
507,decreaseheat
508,increasevolume
509,increasevolume
510,increaseheat
511,decreasevolume
512,change languagenone
513,decreasevolume
514,decreasevolume
515,activatemusic
516,decreasevolume
517,increasevolume
518,change languagenone
519,decreaseheat
520,increasevolume
521,increasevolume
522,increasevolume
523,decreaseheat
524,change languagenone
525,increaseheat
526,decreaseheat
527,increasevolume
528,increasevolume
529,decreasevolume
530,decreasevolume
531,increaseheat
532,decreasevolume
533,increasevolume
534,change languagenone
535,decreaseheat
536,increaseheat
537,increaseheat
538,decreasevolume
539,increaseheat
540,decreasevolume
541,decreaseheat
542,increasevolume
543,change languagenone
544,decreaseheat
545,increaseheat
546,decreaseheat
547,activatemusic
548,increasevolume
549,decreasevolume
550,increasevolume
551,increasevolume
552,change languagenone
553,decreaseheat
554,change languagenone
555,increasevolume
556,decreaseheat
557,decreaseheat
558,deactivatelights
559,increasevolume
560,increaseheat
561,change languagenone
562,decreaseheat
563,increasevolume
564,decreasevolume
565,increasevolume
566,decreasevolume
567,decreaseheat
568,decreaseheat
569,decreasevolume
570,change languagenone
571,decreaseheat
572,decreasevolume
573,increaseheat
574,decreaseheat
575,increasevolume
576,increasevolume
577,increaseheat
578,increasevolume
579,increaseheat
580,decreasevolume
581,change languagenone
582,deactivatelights
583,increasevolume
584,decreaseheat
585,increaseheat
586,decreaseheat
587,increasevolume
588,decreaseheat
589,increasevolume
590,increasevolume
591,decreasevolume
592,decreasevolume
593,decreasevolume
594,change languagenone
595,increaseheat
596,increaseheat
597,decreaseheat
598,decreaseheat
599,increasevolume
600,increaseheat
601,increasevolume
602,increaseheat
603,increasevolume
604,increasevolume
605,increaseheat
606,decreasevolume
607,change languagenone
608,decreaseheat
609,decreasevolume
610,increasevolume
611,increasevolume
612,decreaseheat
613,decreaseheat
614,increasevolume
615,change languagenone
616,increasevolume
617,decreaseheat
618,decreasevolume
619,increaseheat
620,increasevolume
621,decreaseheat
622,increasevolume
623,increasevolume
624,decreasevolume
625,increasevolume
626,decreasevolume
627,decreasevolume
628,decreasevolume
629,increasevolume
630,increasevolume
631,increaseheat
632,decreasevolume
633,increasevolume
634,decreaseheat
635,decreaseheat
636,activatemusic
637,increasevolume
638,increasevolume
639,decreaseheat
640,decreaseheat
641,increasevolume
642,increaseheat
643,decreasevolume
644,decreaseheat
645,decreasevolume
646,decreaseheat
647,increasevolume
648,increaseheat
649,increasevolume
650,decreaseheat
651,decreasevolume
652,increasevolume
653,increasevolume
654,decreasevolume
655,increasevolume
656,increasevolume
657,increasevolume
658,decreaseheat
659,increaseheat
660,increasevolume
661,increasevolume
662,decreasevolume
663,activatemusic
664,increasevolume
665,activatemusic
666,decreasevolume
667,decreasevolume
668,increaseheat
669,activatemusic
670,increaseheat
671,increasevolume
672,deactivatelights
673,decreaseheat
674,change languagenone
675,decreaseheat
676,activatemusic
677,change languagenone
678,increasevolume
679,increasevolume
680,change languagenone
681,change languagenone
682,decreaseheat
683,increasevolume
684,decreaseheat
685,decreasevolume
686,increaseheat
687,decreasevolume
688,decreaseheat
689,increasevolume
690,increasevolume
691,decreasevolume
692,change languagenone
693,decreasevolume
694,increaseheat
695,increasevolume
696,decreasevolume
697,decreaseheat
698,increasevolume
699,increaseheat
700,increasevolume
701,increasevolume
702,change languagenone
703,increasevolume
704,increasevolume
705,increasevolume
706,decreaseheat
707,increaseheat
708,decreasevolume
709,increaseheat
710,decreaseheat
711,increasevolume
712,increasevolume
713,increasevolume
714,decreasevolume
715,decreaseheat
716,increasevolume
717,decreasevolume
718,increaseheat
719,change languagenone
720,decreasevolume
721,increasevolume
722,change languagenone
723,decreasevolume
724,increasevolume
725,increasevolume
726,increasevolume
727,increasevolume
728,increasevolume
729,increasevolume
730,change languagenone
731,increasevolume
732,activatemusic
733,activatemusic
734,increasevolume
735,decreasevolume
736,increaseheat
737,decreaseheat
738,increasevolume
739,increaseheat
740,increasevolume
741,increasevolume
742,increasevolume
743,increasevolume
744,decreasevolume
745,increaseheat
746,change languagenone
747,decreasevolume
748,change languagenone
749,deactivatelights
750,activatemusic
751,decreaseheat
752,change languagenone
753,activatemusic
754,activatemusic
755,decreaseheat
756,change languagenone
757,decreaseheat
758,decreasevolume
759,increasevolume
760,increasevolume
761,increaseheat
762,decreasevolume
763,decreasevolume
764,increasevolume
765,increaseheat
766,decreasevolume
767,activatemusic
768,increasevolume
769,decreasevolume
770,change languagenone
771,decreasevolume
772,increasevolume
773,increasevolume
774,decreasevolume
775,increasevolume
776,increaseheat
777,decreasevolume
778,increasevolume
779,increaseheat
780,decreasevolume
781,change languagenone
782,increasevolume
783,decreasevolume
784,increasevolume
785,increasevolume
786,increasevolume
787,increasevolume
788,increasevolume
789,increasevolume
790,change languagenone
791,increasevolume
792,decreasevolume
793,increasevolume
794,decreaseheat
795,decreasevolume
796,activatemusic
797,increasevolume
798,increaseheat
799,deactivatelights
800,decreaseheat
801,increaseheat
802,decreasevolume
803,decreasevolume
804,decreaseheat
805,change languagenone
806,deactivatelights
807,decreasevolume
808,increaseheat
809,increasevolume
810,decreasevolume
811,decreasevolume
812,increasevolume
813,change languagenone
814,change languagenone
815,increaseheat
816,decreasevolume
817,increasevolume
818,increasevolume
819,increasevolume
820,increasevolume
821,increaseheat
822,decreasevolume
823,decreasevolume
824,increaseheat
825,decreasevolume
826,decreasevolume
827,decreasevolume
828,change languagenone
829,decreaseheat
830,increasevolume
831,increasevolume
832,decreaseheat
833,decreasevolume
834,deactivatelights
835,increasevolume
836,increaseheat
837,decreaseheat
838,increaseheat
839,decreaseheat
840,decreaseheat
841,decreasevolume
842,decreasevolume
843,decreaseheat
844,increaseheat
845,increaseheat
846,decreasevolume
847,deactivatelights
848,activatemusic
849,increasevolume
850,decreasevolume
851,increasevolume
852,increaseheat
853,decreaseheat
854,deactivatelights
855,change languagenone
856,decreaseheat
857,increasevolume
858,increasevolume
859,increasevolume
860,decreasevolume
861,increaseheat
862,increasevolume
863,decreasevolume
864,change languagenone
865,increaseheat
866,decreasevolume
867,decreaseheat
868,decreaseheat
869,increasevolume
870,increasevolume
871,decreasevolume
872,increasevolume
873,increasevolume
874,increaseheat
875,increasevolume
876,increaseheat
877,decreasevolume
878,decreaseheat
879,decreasevolume
880,decreasevolume
881,increasevolume
882,decreasevolume
883,increaseheat
884,change languagenone
885,increasevolume
886,increasevolume
887,change languagenone
888,increasevolume
889,decreaseheat
890,decreasevolume
891,change languagenone
892,decreasevolume
893,increasevolume
894,decreaseheat
895,increasevolume
896,decreaseheat
897,increasevolume
898,decreasevolume
899,decreasevolume
900,increasevolume
901,decreasevolume
902,decreaseheat
903,increasevolume
904,increasevolume
905,decreasevolume
906,decreaseheat
907,change languagenone
908,change languagenone
909,decreasevolume
910,increaseheat
911,increasevolume
912,increasevolume
913,deactivatelights
914,increasevolume
915,decreaseheat
916,decreaseheat
917,increasevolume
918,decreasevolume
919,increasevolume
920,decreasevolume
921,decreasevolume
922,decreasevolume
923,decreasevolume
924,decreaseheat
925,change languagenone
926,increaseheat
927,increasevolume
928,decreasevolume
929,activatemusic
930,increasevolume
931,increaseheat
932,activatemusic
933,decreasevolume
934,decreasevolume
935,change languagenone
936,increasevolume
937,increaseheat
938,increaseheat
939,increasevolume
940,increasevolume
941,change languagenone
942,change languagenone
943,decreasevolume
944,increaseheat
945,increasevolume
946,decreaseheat
947,activatemusic
948,decreasevolume
949,increasevolume
950,activatemusic
951,decreaseheat
952,decreasevolume
953,increasevolume
954,increaseheat
955,increasevolume
956,change languagenone
957,increasevolume
958,change languagenone
959,decreasevolume
960,increasevolume
961,decreasevolume
962,increasevolume
963,increasevolume
964,decreaseheat
965,increaseheat
966,increaseheat
967,increasevolume
968,decreasevolume
969,change languagenone
970,decreasevolume
971,decreaseheat
972,deactivatelights
973,decreasevolume
974,decreasevolume
975,change languagenone
976,decreasevolume
977,decreasevolume
978,increaseheat
979,decreaseheat
980,increasevolume
981,activatemusic
982,increasevolume
983,decreasevolume
984,increasevolume
985,decreaseheat
986,activatemusic
987,change languagenone
988,increasevolume
989,decreasevolume
990,increasevolume
991,decreasevolume
992,decreaseheat
993,increaseheat
994,change languagenone
995,change languagenone
996,increasevolume
997,increasevolume
998,decreasevolume
999,activatemusic
1000,decreasevolume
1001,change languagenone
1002,increasevolume
1003,activatemusic
1004,change languagenone
1005,decreasevolume
1006,increasevolume
1007,increasevolume
1008,increasevolume
1009,increaseheat
1010,increasevolume
1011,increasevolume
1012,increaseheat
1013,increaseheat
1014,decreasevolume
1015,decreaseheat
1016,decreaseheat
1017,decreaseheat
1018,change languagenone
1019,change languagenone
1020,change languagenone
1021,increasevolume
1022,change languagenone
1023,decreaseheat
1024,decreasevolume
1025,increasevolume
1026,increasevolume
1027,decreasevolume
1028,decreasevolume
1029,increasevolume
1030,decreasevolume
1031,change languagenone
1032,increasevolume
1033,decreasevolume
1034,increaseheat
1035,increasevolume
1036,increasevolume
1037,increasevolume
1038,decreaseheat
1039,change languagenone
1040,decreasevolume
1041,decreaseheat
1042,increasevolume
1043,increasevolume
1044,decreasevolume
1045,decreasevolume
1046,increasevolume
1047,increasevolume
1048,decreasevolume
1049,decreasevolume
1050,increasevolume
1051,increasevolume
1052,change languagenone
1053,decreaseheat
1054,increasevolume
1055,activatemusic
1056,decreaseheat
1057,change languagenone
1058,increasevolume
1059,decreaseheat
1060,increaseheat
1061,increaseheat
1062,activatemusic
1063,change languagenone
1064,increasevolume
1065,increasevolume
1066,decreasevolume
1067,activatemusic
1068,decreasevolume
1069,decreaseheat
1070,increasevolume
1071,decreasevolume
1072,decreaseheat
1073,decreaseheat
1074,increasevolume
1075,increasevolume
1076,decreasevolume
1077,activatemusic
1078,deactivatelights
1079,activatemusic
1080,increaseheat
1081,decreaseheat
1082,deactivatelights
1083,increasevolume
1084,decreasevolume
1085,increasevolume
1086,increasevolume
1087,increasevolume
1088,deactivatelights
1089,activatemusic
1090,increasevolume
1091,decreaseheat
1092,increaseheat
1093,increaseheat
1094,increasevolume
1095,decreasevolume
1096,increasevolume
1097,change languagenone
1098,increaseheat
1099,decreaseheat
1100,change languagenone
1101,decreasevolume
1102,decreasevolume
1103,increasevolume
1104,change languagenone
1105,increasevolume
1106,increasevolume
1107,deactivatelights
1108,increaseheat
1109,increaseheat
1110,decreasevolume
1111,decreasevolume
1112,decreasevolume
1113,increaseheat
1114,increaseheat
1115,change languagenone
1116,increasevolume
1117,increaseheat
1118,decreaseheat
1119,increasevolume
1120,change languagenone
1121,change languagenone
1122,increasevolume
1123,increaseheat
1124,increasevolume
1125,increasevolume
1126,decreasevolume
1127,decreaseheat
1128,decreasevolume
1129,increaseheat
1130,decreasevolume
1131,increasevolume
1132,decreaseheat
1133,increasevolume
1134,decreaseheat
1135,decreaseheat
1136,decreasevolume
1137,activatemusic
1138,increasevolume
1139,increasevolume
1140,increasevolume
1141,increasevolume
1142,decreasevolume
1143,decreaseheat
1144,decreasevolume
1145,decreasevolume
1146,increasevolume
1147,change languagenone
1148,increasevolume
1149,increasevolume
1150,increasevolume
1151,increasevolume
1152,increaseheat
1153,increasevolume
1154,increaseheat
1155,change languagenone
1156,change languagenone
1157,increasevolume
1158,increasevolume
1159,decreaseheat
1160,decreaseheat
1161,increasevolume
1162,change languagenone
1163,decreaseheat
1164,decreaseheat
1165,increasevolume
1166,decreasevolume
1167,increaseheat
1168,decreaseheat
1169,increasevolume
1170,change languagenone
1171,change languagenone
1172,change languagenone
1173,decreaseheat
1174,increasevolume
1175,increaseheat
1176,increasevolume
1177,decreasevolume
1178,increaseheat
1179,decreasevolume
1180,increasevolume
1181,decreaseheat
1182,increasevolume
1183,change languagenone
1184,increaseheat
1185,decreaseheat
1186,change languagenone
1187,increaseheat
1188,decreasevolume
1189,decreaseheat
1190,increasevolume
1191,decreasevolume
1192,increaseheat
1193,increasevolume
1194,decreasevolume
1195,increaseheat
1196,increasevolume
1197,deactivatelights
1198,change languagenone
1199,change languagenone
1200,increaseheat
1201,increasevolume
1202,decreasevolume
1203,increasevolume
1204,decreaseheat
1205,increasevolume
1206,change languagenone
1207,change languagenone
1208,increasevolume
1209,increaseheat
1210,change languagenone
1211,decreasevolume
1212,change languagenone
1213,increasevolume
1214,decreaseheat
1215,decreaseheat
1216,decreaseheat
1217,decreasevolume
1218,increasevolume
1219,deactivatelights
1220,decreasevolume
1221,increasevolume
1222,increaseheat
1223,deactivatelights
1224,change languagenone
1225,increasevolume
1226,decreaseheat
1227,increaseheat
1228,increasevolume
1229,increasevolume
1230,decreaseheat
1231,increasevolume
1232,increasevolume
1233,decreasevolume
1234,decreasevolume
1235,activatemusic
1236,activatemusic
1237,increaseheat
1238,increasevolume
1239,activatemusic
1240,decreaseheat
1241,increasevolume
1242,increasevolume
1243,decreasevolume
1244,increasevolume
1245,activatemusic
1246,increasevolume
1247,decreaseheat
1248,decreasevolume
1249,increaseheat
1250,change languagenone
1251,increasevolume
1252,increaseheat
1253,change languagenone
1254,increasevolume
1255,increasevolume
1256,decreaseheat
1257,decreasevolume
1258,increasevolume
1259,decreasevolume
1260,increaseheat
1261,change languagenone
1262,decreasevolume
1263,decreasevolume
1264,increasevolume
1265,increasevolume
1266,decreasevolume
1267,increasevolume
1268,increasevolume
1269,increasevolume
1270,decreasevolume
1271,decreaseheat
1272,decreasevolume
1273,decreasevolume
1274,decreasevolume
1275,increaseheat
1276,increasevolume
1277,activatemusic
1278,change languagenone
1279,increasevolume
1280,decreaseheat
1281,increasevolume
1282,change languagenone
1283,decreaseheat
1284,increasevolume
1285,decreasevolume
1286,decreasevolume
1287,increasevolume
1288,change languagenone
1289,decreaseheat
1290,decreaseheat
1291,decreasevolume
1292,decreasevolume
1293,decreasevolume
1294,decreasevolume
1295,change languagenone
1296,decreasevolume
1297,decreasevolume
1298,increasevolume
1299,change languagenone
1300,increasevolume
1301,deactivatelights
1302,increasevolume
1303,decreasevolume
1304,decreasevolume
1305,increasevolume
1306,decreaseheat
1307,increasevolume
1308,decreasevolume
1309,increasevolume
1310,decreasevolume
1311,decreasevolume
1312,increaseheat
1313,decreasevolume
1314,change languagenone
1315,increasevolume
1316,decreasevolume
1317,increasevolume
1318,decreasevolume
1319,increasevolume
1320,increasevolume
1321,increasevolume
1322,decreasevolume
1323,increasevolume
1324,decreaseheat
1325,change languagenone
1326,increasevolume
1327,increasevolume
1328,increaseheat
1329,decreasevolume
1330,activatemusic
1331,decreasevolume
1332,increasevolume
1333,decreasevolume
1334,decreaseheat
1335,deactivatelights
1336,increasevolume
1337,increasevolume
1338,decreaseheat
1339,increasevolume
1340,increaseheat
1341,decreasevolume
1342,change languagenone
1343,decreasevolume
1344,change languagenone
1345,change languagenone
1346,increasevolume
1347,increasevolume
1348,increasevolume
1349,decreaseheat
1350,increasevolume
1351,increasevolume
1352,decreaseheat
1353,increasevolume
1354,decreasevolume
1355,increasevolume
1356,change languagenone
1357,increaseheat
1358,increaseheat
1359,increasevolume
1360,increasevolume
1361,increasevolume
1362,increaseheat
1363,increaseheat
1364,decreasevolume
1365,increasevolume
1366,decreasevolume
1367,decreaseheat
1368,increasevolume
1369,activatemusic
1370,increasevolume
1371,increasevolume
1372,decreasevolume
1373,increasevolume
1374,increaseheat
1375,deactivatelights
1376,increasevolume
1377,decreasevolume
1378,increasevolume
1379,increasevolume
1380,deactivatelights
1381,increasevolume
1382,decreaseheat
1383,change languagenone
1384,increasevolume
1385,increasevolume
1386,increaseheat
1387,decreaseheat
1388,decreasevolume
1389,increaseheat
1390,increasevolume
1391,decreaseheat
1392,decreasevolume
1393,decreasevolume
1394,increasevolume
1395,decreaseheat
1396,increasevolume
1397,increasevolume
1398,decreasevolume
1399,activatemusic
1400,increasevolume
1401,change languagenone
1402,decreaseheat
1403,decreasevolume
1404,change languagenone
1405,activatemusic
1406,increaseheat
1407,increaseheat
1408,increasevolume
1409,increasevolume
1410,decreaseheat
1411,increasevolume
1412,increasevolume
1413,decreasevolume
1414,decreaseheat
1415,increasevolume
1416,decreaseheat
1417,change languagenone
1418,increasevolume
1419,change languagenone
1420,increasevolume
1421,increaseheat
1422,increasevolume
1423,change languagenone
1424,increasevolume
1425,decreasevolume
1426,increasevolume
1427,change languagenone
1428,change languagenone
1429,increaseheat
1430,decreasevolume
1431,increaseheat
1432,increasevolume
1433,change languagenone
1434,decreaseheat
1435,decreaseheat
1436,decreaseheat
1437,increaseheat
1438,increasevolume
1439,activatemusic
1440,increasevolume
1441,decreaseheat
1442,change languagenone
1443,increasevolume
1444,increasevolume
1445,change languagenone
1446,decreasevolume
1447,change languagenone
1448,change languagenone
1449,increasevolume
1450,increaseheat
1451,decreaseheat
1452,increaseheat
1453,increaseheat
1454,increasevolume
